Indefinite Articles,A,536
Indefinite Articles,A,1528
Indefinite Articles,A,1529
Indefinite Articles,A,1569
Indefinite Articles,A,1530
Indefinite Articles,A,1531
Indefinite Articles,A,1532
Indefinite Articles,A,1533
Indefinite Articles,A,1534
Indefinite Articles,A,1535
Indefinite Articles,A,1536
Indefinite Articles,A,1537
Indefinite Articles,A,1563
Indefinite Articles,A,1564
Indefinite Articles,A,1544
Active and Passive Voice,Active Voice,1586
Active and Passive Voice,Active Voice,1587
Active and Passive Voice,Active Voice,1588
Active and Passive Voice,Active Voice,1589
Active and Passive Voice,Active Voice,1598
Active and Passive Voice,Active Voice,1599
Active and Passive Voice,Active Voice,1600
Active and Passive Voice,Active Voice,1601
Active and Passive Voice,Active Voice,1602
Active and Passive Voice,Active Voice,1603
Active and Passive Voice,Active Voice,1604
Active and Passive Voice,Active Voice,1605
Adjectives,Adjectives,1795
Adjectives,Adjectives,1797
Adjectives,Adjectives,1798
Adjectives,Adjectives,1799
Adjectives,Adjectives,1800
Adjectives,Adjectives,1801
Adjectives,Adjectives,1802
Adjectives,Adjectives,1796
Adjectives to Adverbs,Adjectives to Adverbs: Consonant Ending,1815
Adjectives to Adverbs,Adjectives to Adverbs: Consonant Ending,1816
Adjectives to Adverbs,Adjectives to Adverbs: Consonant Ending,1817
Adjectives to Adverbs,Adjectives to Adverbs: Consonant Ending,1818
Adjectives to Adverbs,Adjectives to Adverbs: Consonant Ending,1819
Adjectives to Adverbs,Adjectives to Adverbs: Consonant Ending,1820
Adverbs,Adjectives to Adverbs: Consonant Ending,1814
Adjectives to Adverbs,Adjectives to Adverbs: Ending in E,1831
Adjectives to Adverbs,Adjectives to Adverbs: Ending in E,1832
Adjectives to Adverbs,Adjectives to Adverbs: Ending in E,1825
Adjectives to Adverbs,Adjectives to Adverbs: Ending in E,1826
Adverbs,Adjectives to Adverbs: Ending in E,1827
Adverbs,Adjectives to Adverbs: Ending in E,1828
Adverbs,Adjectives to Adverbs: Ending in E,1829
Adverbs,Adjectives to Adverbs: Ending in E,1830
Adjectives to Adverbs,Adjectives to Adverbs: Ending in Y,1821
Adjectives to Adverbs,Adjectives to Adverbs: Ending in Y,1822
Adjectives to Adverbs,Adjectives to Adverbs: Ending in Y,1823
Adjectives to Adverbs,Adjectives to Adverbs: Ending in Y,1824
Adverbs,Adjectives to Adverbs: Ending in Y,1813
Adverbs,Adverbs,1803
Adverbs,Adverbs,1804
Adverbs,Adverbs,1805
Adverbs,Adverbs,1806
Adverbs,Adverbs,1807
Adverbs,Adverbs,1808
Adverbs,Adverbs,1809
Adverbs,Adverbs,1810
Adverbs,Adverbs,1811
Adverbs,Adverbs,1812
"Although, All Though",Although,826
"Although, All Though",Although,827
Indefinite Articles,An,1570
Indefinite Articles,An,1538
Indefinite Articles,An,1539
Indefinite Articles,An,1540
Indefinite Articles,An,1541
Indefinite Articles,An,1542
Indefinite Articles,An,1543
Indefinite Articles,An,1565
Indefinite Articles,An,1566
Indefinite Articles,An,1545
Coordinating Conjunctions,And,1755
Coordinating Conjunctions,And,1756
Coordinating Conjunctions,And,1757
Coordinating Conjunctions,And,1758
Coordinating Conjunctions,And,1759
Coordinating Conjunctions,And,1760
Coordinating Conjunctions,And,1761
Coordinating Conjunctions,And,1762
Coordinating Conjunctions,And,1763
Coordinating Conjunctions,And,1764
Prepositions of Location,At (Place),1513
Prepositions of Location,At (Place),1514
Prepositions of Location,At (Place),1515
Prepositions of Location,At (Place),1516
Prepositions of Time,At (Time),1496
Prepositions of Time,At (Time),1497
Prepositions of Time,At (Time),1498
Prepositions of Time,At (Time),1499
Prepositions of Time,At (Time),1500
"Bare, Bear",Bare,844
"Bare, Bear",Bear,843
"Bare, Bear",Bear,845
Irregular Past Tense Verbs,Became,1165
Irregular Past Tense Verbs,Became,1465
Irregular Past Tense Verbs,Became,1462
Irregular Past Tense Verbs,Became,1463
Subordinating Conjunctions,Because,1793
Subordinating Conjunctions,Because,1794
Subordinating Conjunctions,Because,1785
Subordinating Conjunctions,Because,1786
Subordinating Conjunctions,Because,1787
Subordinating Conjunctions,Because,1789
Subordinating Conjunctions,Because,1790
Subordinating Conjunctions,Because,1791
Subordinating Conjunctions,Because,1792
Irregular Past Participles,Been,1943
Irregular Past Participles,Been,1944
Irregular Past Participles,Been,1930
Irregular Past Participles,Been,1931
Irregular Past Participles,Been,1932
Irregular Past Participles,Been,1933
Irregular Past Participles,Been,1934
Irregular Past Participles,Been,1935
Irregular Past Participles,Been,1936
Irregular Past Participles,Been,1937
Irregular Past Participles,Been,1938
Irregular Past Participles,Been,1939
Irregular Past Participles,Been,1940
Superlative Adjectives,Best,1405
Superlative Adjectives,Best,1407
Comparative Adjectives,Better,1406
Comparative Adjectives,Better,1408
Correlative Conjunctions,Both . . . And,1207
Correlative Conjunctions,Both . . . And,1208
Correlative Conjunctions,Both . . . And,1204
Correlative Conjunctions,Both . . . And,1205
Correlative Conjunctions,Both . . . And,1206
"Breath, Breathe",Breath,869
"Breath, Breathe",Breath,870
"Breath, Breathe",Breath,871
Irregular Past Tense Verbs,Broke,1422
Irregular Past Tense Verbs,Broke,1423
Irregular Past Tense Verbs,Broke,1424
Irregular Past Tense Verbs,Broke,1425
Irregular Past Tense Verbs,Built,1429
Irregular Past Tense Verbs,Built,1430
Irregular Past Tense Verbs,Built,1426
Irregular Past Tense Verbs,Built,1427
Irregular Past Tense Verbs,Built,1428
Coordinating Conjunctions,But,65
Coordinating Conjunctions,But,66
Coordinating Conjunctions,But,67
Coordinating Conjunctions,But,550
Coordinating Conjunctions,But,553
Coordinating Conjunctions,But,948
Coordinating Conjunctions,But,949
Irregular Past Tense Verbs,Came,1431
Irregular Past Tense Verbs,Came,1432
Irregular Past Tense Verbs,Came,1433
Modal Auxiliaries,Can,364
Modal Auxiliaries,Can,618
Can't,Can't,1833
Can't,Can't,1834
Can't,Can't,1835
Can't,Can't,1836
Cannot,Cannot,855
Cannot,Cannot,856
Cannot,Cannot,876
Capitalize Addresses,Capitalize Addresses,2071
Capitalize Addresses,Capitalize Addresses,2060
Capitalize Addresses,Capitalize Addresses,2065
Capitalize Addresses,Capitalize Addresses,2066
Capitalize Addresses,Capitalize Addresses,2067
Capitalize Addresses,Capitalize Addresses,2068
Capitalize Addresses,Capitalize Addresses,627
Capitalize Appropriate Words in Titles,Capitalize Appropriate Words in Titles,1413
Capitalize Appropriate Words in Titles,Capitalize Appropriate Words in Titles,1414
Capitalize Appropriate Words in Titles,Capitalize Appropriate Words in Titles,1415
Capitalize Appropriate Words in Titles,Capitalize Appropriate Words in Titles,1416
Capitalize Appropriate Words in Titles,Capitalize Appropriate Words in Titles,1417
Capitalize Appropriate Words in Titles,Capitalize Appropriate Words in Titles,1418
Capitalize Appropriate Words in Titles,Capitalize Appropriate Words in Titles,1419
Capitalize Appropriate Words in Titles,Capitalize Appropriate Words in Titles,1420
Capitalize Appropriate Words in Titles,Capitalize Appropriate Words in Titles,1421
Capitalize Dates,Capitalize Dates,2159
Capitalize Dates,Capitalize Dates,2160
Capitalize Dates,Capitalize Dates,2161
Capitalize Dates,Capitalize Dates,2162
Capitalize Dates,Capitalize Dates,2163
Capitalize Dates,Capitalize Dates,2166
Capitalize Dates,Capitalize Dates,2167
Capitalize Dates,Capitalize Dates,2168
Capitalize Dates,Capitalize Dates,2169
Capitalize Dates,Capitalize Dates,2170
Capitalize Geographic Names,Capitalize Geographic Names,2115
Capitalize Geographic Names,Capitalize Geographic Names,2116
Capitalize Geographic Names,Capitalize Geographic Names,2117
Capitalize Geographic Names,Capitalize Geographic Names,2118
Capitalize Geographic Names,Capitalize Geographic Names,2119
Capitalize Geographic Names,Capitalize Geographic Names,2120
Capitalize Geographic Names,Capitalize Geographic Names,2121
Capitalize Geographic Names,Capitalize Geographic Names,2122
Capitalize Geographic Names,Capitalize Geographic Names,2123
Capitalize Geographic Names,Capitalize Geographic Names,2125
Capitalize Geographic Names,Capitalize Geographic Names,2128
Capitalize Geographic Names,Capitalize Geographic Names,2131
Capitalize Geographic Names,Capitalize Geographic Names,2132
Capitalize Holidays,Capitalize Holidays,2102
Capitalize Holidays,Capitalize Holidays,2103
Capitalize Holidays,Capitalize Holidays,2104
Capitalize Holidays,Capitalize Holidays,2105
Capitalize Holidays,Capitalize Holidays,2106
Capitalize Holidays,Capitalize Holidays,2107
Capitalize Holidays,Capitalize Holidays,2108
Capitalize Holidays,Capitalize Holidays,2109
Capitalize Holidays,Capitalize Holidays,2110
Capitalize Holidays,Capitalize Holidays,2111
Capitalize Holidays,Capitalize Holidays,2124
Capitalize Holidays,Capitalize Holidays,2126
Capitalize Holidays,Capitalize Holidays,2127
Capitalize Holidays,Capitalize Holidays,2100
Capitalize Holidays,Capitalize Holidays,2101
Capitalize Names of People,Capitalize Names of People,2175
Capitalize Names of People,Capitalize Names of People,2176
Capitalize Names of People,Capitalize Names of People,2181
Capitalize Product Names,Capitalize Product Names,2112
Capitalize Product Names,Capitalize Product Names,2113
Capitalize Product Names,Capitalize Product Names,2114
Capitalize Product Names,Capitalize Product Names,2129
Capitalize Product Names,Capitalize Product Names,2130
Capitalize the Beginning of a Quotation,Capitalize the Beginning of a Quotation,2062
Capitalize the Beginning of a Quotation,Capitalize the Beginning of a Quotation,2063
Capitalize the Beginning of a Sentence,Capitalize the Beginning of a Sentence,2053
Capitalize the Beginning of a Sentence,Capitalize the Beginning of a Sentence,2054
Capitalize the Beginning of a Sentence,Capitalize the Beginning of a Sentence,2055
Capitalize the Beginning of a Sentence,Capitalize the Beginning of a Sentence,2056
Capitalize the Beginning of a Sentence,Capitalize the Beginning of a Sentence,2057
Capitalize the Beginning of a Sentence,Capitalize the Beginning of a Sentence,2058
Capitalize the Beginning of a Sentence,Capitalize the Beginning of a Sentence,2052
Capitalize the Beginning of a Sentence,Capitalize the Beginning of a Sentence,786
Capitalize the Beginning of a Sentence,Capitalize the Beginning of a Sentence,787
Capitalize the Beginning of a Sentence,Capitalize the Beginning of a Sentence,788
Irregular Nouns,Child,1632
Irregular Nouns,Child,1638
Irregular Nouns,Children,1631
Irregular Nouns,Children,1633
Irregular Nouns,Children,1634
"Clean, Cleanse",Clean,841
"Clean, Cleanse",Cleanse,840
"Clean, Cleanse",Cleanse,842
Collective Nouns,Collective Nouns,1715
Collective Nouns,Collective Nouns,1716
Collective Nouns,Collective Nouns,1717
Collective Nouns,Collective Nouns,1718
Collective Nouns,Collective Nouns,1714
Collective Nouns,Collective Nouns,1719
Collective Nouns,Collective Nouns,1720
Collective Nouns,Collective Nouns,1721
Colons in Lists,Colons in Lists,2050
Colons in Lists,Colons in Lists,2051
Colons in Lists,Colons in Lists,2048
Colons in Lists,Colons in Lists,2049
Colons in Lists,Colons in Lists,2045
Commas after Introductory Prepositional Phrases,Commas after Introductory Prepositional Phrases,1964
Commas after Introductory Prepositional Phrases,Commas after Introductory Prepositional Phrases,1965
Commas after Introductory Prepositional Phrases,Commas after Introductory Prepositional Phrases,1957
Commas after Introductory Prepositional Phrases,Commas after Introductory Prepositional Phrases,1958
Commas after Introductory Prepositional Phrases,Commas after Introductory Prepositional Phrases,1959
Commas after Introductory Prepositional Phrases,Commas after Introductory Prepositional Phrases,1960
Commas after Introductory Prepositional Phrases,Commas after Introductory Prepositional Phrases,1961
Commas after Introductory Prepositional Phrases,Commas after Introductory Prepositional Phrases,1962
Commas after Introductory Prepositional Phrases,Commas after Introductory Prepositional Phrases,1963
Commas and Quotation Marks in Dialogue,Commas and Quotation Marks in Dialogue,1984
Commas and Quotation Marks in Dialogue,Commas and Quotation Marks in Dialogue,2070
Commas and Quotation Marks in Dialogue,Commas and Quotation Marks in Dialogue,1059
Commas and Quotation Marks in Dialogue,Commas and Quotation Marks in Dialogue,2087
Commas and Quotation Marks in Dialogue,Commas and Quotation Marks in Dialogue,2088
Commas and Quotation Marks in Dialogue,Commas and Quotation Marks in Dialogue,2089
Commas and Quotation Marks in Dialogue,Commas and Quotation Marks in Dialogue,2090
Commas and Quotation Marks in Dialogue,Commas and Quotation Marks in Dialogue,2091
Commas and Quotation Marks in Dialogue,Commas and Quotation Marks in Dialogue,2092
Commas and Quotation Marks in Dialogue,Commas and Quotation Marks in Dialogue,2093
Commas and Quotation Marks in Dialogue,Commas and Quotation Marks in Dialogue,2094
Commas and Quotation Marks in Dialogue,Commas and Quotation Marks in Dialogue,2095
Commas and Quotation Marks in Dialogue,Commas and Quotation Marks in Dialogue,2096
Commas and Quotation Marks in Dialogue,Commas and Quotation Marks in Dialogue,2097
Commas and Quotation Marks in Dialogue,Commas and Quotation Marks in Dialogue,2098
Commas and Quotation Marks in Dialogue,Commas and Quotation Marks in Dialogue,2099
Commas for Addressing People,Commas for Addressing People,2037
Commas for Addressing People,Commas for Addressing People,2038
Commas for Addressing People,Commas for Addressing People,2039
Commas for Addressing People,Commas for Addressing People,2041
Commas for Tag Questions,Commas for Tag Questions,2031
Commas for Tag Questions,Commas for Tag Questions,2032
Commas for Tag Questions,Commas for Tag Questions,2033
Commas for Tag Questions,Commas for Tag Questions,2030
Commas for Yes and No,Commas for Yes and No,2034
Commas for Yes and No,Commas for Yes and No,2035
Commas for Yes and No,Commas for Yes and No,2036
Commas for Yes and No,Commas for Yes and No,2040
Commas in Addresses,Commas in Addresses,674
Commas in Addresses,Commas in Addresses,675
Commas in Addresses,Commas in Addresses,676
Commas in Addresses,Commas in Addresses,1876
Commas in Addresses,Commas in Addresses,1877
Commas in Addresses,Commas in Addresses,1878
Commas in Addresses,Commas in Addresses,1879
Commas in Addresses,Commas in Addresses,1880
Commas in Addresses,Commas in Addresses,1881
Commas in Addresses,Commas in Addresses,1882
Commas in Addresses,Commas in Addresses,1883
Commas in Dates,Commas in Dates,2135
Commas in Dates,Commas in Dates,2136
Commas in Dates,Commas in Dates,2137
Commas in Dates,Commas in Dates,2138
Commas in Dates,Commas in Dates,2139
Commas in Dates,Commas in Dates,2140
Commas in Dates,Commas in Dates,2141
Commas in Dates,Commas in Dates,2142
Commas in Dates,Commas in Dates,2143
Commas in Dates,Commas in Dates,2144
Commas in Dates,Commas in Dates,2133
Commas in Dates,Commas in Dates,2134
Commas in Lists,Commas in Lists,2044
Commas in Lists,Commas in Lists,2046
Commas in Lists,Commas in Lists,2042
Commas in Lists,Commas in Lists,2043
Commas in Lists,Commas in Lists,2047
Commas in Lists,Commas in Lists,2145
Commas in Lists,Commas in Lists,2146
Commas in Lists,Commas in Lists,2147
Commas in Lists,Commas in Lists,2148
Commas in Lists,Commas in Lists,2149
Commas in Lists,Commas in Lists,2150
Commas in Lists,Commas in Lists,2151
Commas in Lists,Commas in Lists,2152
Commas in Lists,Commas in Lists,2153
Commas in Lists,Commas in Lists,2154
Commas in Lists,Commas in Lists,2155
Commas in Lists,Commas in Lists,2156
Commas in Lists,Commas in Lists,1976
Commas in Lists,Commas in Lists,1981
Commas in Lists,Commas in Lists,2157
Commas in Lists,Commas in Lists,2158
Commas in Numbers,Commas in Numbers,1982
Commas in Numbers,Commas in Numbers,1977
Common and Proper Nouns,Common Nouns,1674
Common and Proper Nouns,Common Nouns,1675
Common and Proper Nouns,Common Nouns,1676
Common and Proper Nouns,Common Nouns,1677
Common and Proper Nouns,Common Nouns,1678
Common and Proper Nouns,Common Nouns,1679
Common and Proper Nouns,Common Nouns,1680
Common and Proper Nouns,Common Nouns,1681
Common and Proper Nouns,Common Nouns,1682
Common and Proper Nouns,Common Nouns,1683
Common and Proper Nouns,Common Nouns,1684
Common and Proper Nouns,Common Nouns,1685
Common and Proper Nouns,Common Nouns,1686
Common and Proper Nouns,Common Nouns,1687
Common and Proper Nouns,Common Nouns,1672
Common and Proper Nouns,Common Nouns,1673
Comparative Adjectives,Comparative Adjectives,1384
Comparative Adjectives,Comparative Adjectives,1385
Comparative Adjectives,Comparative Adjectives,1386
Comparative Adjectives,Comparative Adjectives,1387
Comparative Adjectives,Comparative Adjectives,1388
Comparative Adjectives,Comparative Adjectives ending in Y,653
Comparative Adjectives,Comparative Adjectives ending in Y,1395
Comparative Adjectives,Comparative Adjectives ending in Y,1396
Comparative Adjectives,Comparative Adjectives ending in Y,1397
Comparative Adjectives,Comparative Adjectives ending in Y,1398
Comparative Adjectives,Comparative Adjectives ending in Y,1399
Correct Messy Sentences,Correct Messy Sentences,791
Correct Messy Sentences,Correct Messy Sentences,1966
Correct Messy Sentences,Correct Messy Sentences,1967
Correct Messy Sentences,Correct Messy Sentences,1968
Correct Messy Sentences,Correct Messy Sentences,1969
Correct Messy Sentences,Correct Messy Sentences,1970
Correct Messy Sentences,Correct Messy Sentences,1971
Correct Messy Sentences,Correct Messy Sentences,1972
Correct Messy Sentences,Correct Messy Sentences,1973
Irregular Nouns,Deer,267
Irregular Nouns,Deer,1649
Irregular Nouns,Deer,1646
Irregular Nouns,Deer,1647
Irregular Past Tense Verbs,Did,1434
Irregular Past Tense Verbs,Did,1436
Irregular Past Tense Verbs,Did,1437
Don't,Don't,1871
Don't,Don't,1872
Don't,Don't,1873
Don't,Don't,1874
Don't,Don't,1875
Irregular Past Tense Verbs,Dug,885
Irregular Past Tense Verbs,Dug,887
Irregular Past Tense Verbs,Dug,1473
Irregular Past Tense Verbs,Dug,1469
Irregular Past Tense Verbs,Dug,1470
Irregular Past Participles,Eaten,1941
Irregular Past Participles,Eaten,1942
Irregular Past Participles,Eaten,1922
Irregular Past Participles,Eaten,1923
Irregular Past Participles,Eaten,1924
Irregular Past Participles,Eaten,1925
Irregular Past Participles,Eaten,1926
Irregular Past Participles,Eaten,1927
Irregular Past Participles,Eaten,1928
Irregular Past Participles,Eaten,1929
Correlative Conjunctions,Either . . . Or,1188
Correlative Conjunctions,Either . . . Or,1189
Correlative Conjunctions,Either . . . Or,1190
Correlative Conjunctions,Either . . . Or,1191
Correlative Conjunctions,Either . . . Or,1192
Ending Periods,Ending Periods,1975
Ever After,Ever After,860
Ever After,Ever After,877
Ever After,Ever After,878
"Every Day, Everyday",Every Day,866
"Every Day, Everyday",Everyday,867
"Every Day, Everyday",Everyday,868
Irregular Nouns,Feet,1624
Irregular Nouns,Feet,1625
Irregular Nouns,Feet,1623
"Finally, Finely",Finally,834
"Finally, Finely",Finely,835
"Finally, Finely",Finely,836
Irregular Nouns,Foot,1629
Irregular Past Tense Verbs,Found,1474
Irregular Past Tense Verbs,Found,1471
Irregular Past Tense Verbs,Found,1472
Progressive Tense,Future Progressive,1382
Progressive Tense,Future Progressive,1383
Progressive Tense,Future Progressive,1376
Progressive Tense,Future Progressive,1377
Progressive Tense,Future Progressive,1378
Progressive Tense,Future Progressive,1379
Simple Tense,Future Tense Verbs,1735
Simple Tense,Future Tense Verbs,1736
Simple Tense,Future Tense Verbs,1737
Simple Tense,Future Tense Verbs,1738
Simple Tense,Future Tense Verbs,1739
Simple Tense,Future Tense Verbs,1740
Simple Tense,Future Tense Verbs,1741
Simple Tense,Future Tense Verbs,1742
Simple Tense,Future Tense Verbs,1743
Simple Tense,Future Tense Verbs,1744
Simple Tense,Future Tense Verbs,1745
Simple Tense,Future Tense Verbs,1746
Simple Tense,Future Tense Verbs,1747
Simple Tense,Future Tense Verbs,1748
Simple Tense,Future Tense Verbs,1749
Simple Tense,Future Tense Verbs,1750
Simple Tense,Future Tense Verbs,1754
Simple Tense,Future Tense Verbs,525
Irregular Nouns,Geese,1645
Irregular Nouns,Geese,1648
Pronoun Shift,Gender Pronoun Shift,1182
Pronoun Shift,Gender Pronoun Shift,1186
Irregular Past Participles,Gone,1916
Irregular Past Participles,Gone,1917
Irregular Past Tense Verbs,Gone,1908
Irregular Past Tense Verbs,Gone,1909
Irregular Past Tense Verbs,Gone,1910
Irregular Past Tense Verbs,Gone,1911
Irregular Past Tense Verbs,Gone,1912
Irregular Past Tense Verbs,Gone,1913
Irregular Nouns,Goose,1644
"Greece, Grease",Grease,838
"Greece, Grease",Grease,839
"Greece, Grease",Greece,837
Haven't,Haven't,1866
Haven't,Haven't,1867
Haven't,Haven't,1868
Haven't,Haven't,1869
Haven't,Haven't,1870
Haven't,Haven't,306
Reflexive Pronouns,Herself,1493
Reflexive Pronouns,Herself,2005
Reflexive Pronouns,Herself,1487
Reflexive Pronouns,Herself,1488
Irregular Past Participles,Hid,964
Irregular Past Participles,Hid,1454
Irregular Past Participles,Hid,1455
Irregular Past Tense Verbs,Hid,1450
Irregular Past Tense Verbs,Hid,1451
Reflexive Pronouns,Him,2028
Intensive Pronouns,Himself,2007
Reflexive Pronouns,Himself,1484
Reflexive Pronouns,Himself,1485
Reflexive Pronouns,Himself,1486
Introductory Words,However,715
Introductory Words,However,1945
Introductory Words,However,1946
Introductory Words,However,1947
Introductory Words,However,1948
Introductory Words,However,1949
I'm,I'm,1856
I'm,I'm,1857
I'm,I'm,1854
I'm,I'm,1855
I've,I've,1842
I've,I've,1843
I've,I've,1844
I've,I've,1845
Prepositions of Location,In (Place),1517
Prepositions of Location,In (Place),1518
Prepositions of Location,In (Place),1519
Prepositions of Location,In (Place),1520
Prepositions of Location,In (Place),1521
Prepositions of Location,In (Place),1526
Prepositions of Time,In (Time),1501
Prepositions of Time,In (Time),1502
Prepositions of Time,In (Time),1503
Prepositions of Time,In (Time),1504
Prepositions of Time,In (Time),1505
Prepositions of Time,In (Time),1511
Intensive Pronouns,Intensive Pronouns,2008
Intensive Pronouns,Intensive Pronouns,2009
Intensive Pronouns,Intensive Pronouns,2010
Intensive Pronouns,Intensive Pronouns,2011
Intensive Pronouns,Intensive Pronouns,2012
Intensive Pronouns,Intensive Pronouns,2013
Intensive Pronouns,Intensive Pronouns,2014
Irregular Plural Nouns,"Irregular Nouns Ending with ""F""",1613
Irregular Plural Nouns,"Irregular Nouns Ending with ""Fe""",1606
Irregular Plural Nouns,"Irregular Nouns Ending with ""O""",1614
Irregular Plural Nouns,"Irregular Plural Nouns Ending with ""F""",1609
Irregular Plural Nouns,"Irregular Plural Nouns Ending with ""F""",1610
Irregular Plural Nouns,"Irregular Plural Nouns Ending with ""Fe""",1607
Irregular Plural Nouns,"Irregular Plural Nouns Ending with ""Fe""",1608
Irregular Plural Nouns,"Irregular Plural Nouns Ending with ""O""",1611
Irregular Plural Nouns,"Irregular Plural Nouns Ending with ""O""",1612
"It's, Its",It's,1848
"It's, Its",It's,1849
"It's, Its",It's,1852
"It's, Its",It's,1853
"It's, Its",It's,1215
"It's, Its",It's,1216
"It's, Its",It's,1209
"It's, Its",It's,1210
"It's, Its",Its,1213
"It's, Its",Its,1214
"It's, Its",Its,1211
"It's, Its",Its,1212
Reflexive Pronouns,Itself,1494
Reflexive Pronouns,Itself,1489
Reflexive Pronouns,Itself,1490
Irregular Past Tense Verbs,Knew,1456
Irregular Past Tense Verbs,Knew,1457
Irregular Past Tense Verbs,Knew,1458
Let's,Let's,1860
Let's,Let's,1861
Let's,Let's,1864
Let's,Let's,1865
Let's,Let's,889
Let's,Lets,888
Let's,Lets,890
"Loose, Lose",Loose,811
"Loose, Lose",Loose,1225
"Loose, Lose",Loose,1226
"Loose, Lose",Loose,1229
"Loose, Lose",Loose,1230
"Loose, Lose",Lose,1227
"Loose, Lose",Lose,1228
"Loose, Lose",Lose,1224
"Loose, Lose",Lose,1231
Irregular Past Tense Verbs,Lost,753
Irregular Past Tense Verbs,Lost,1884
Irregular Past Tense Verbs,Lost,1885
Irregular Past Tense Verbs,Lost,1886
Irregular Past Tense Verbs,Lost,1887
Irregular Past Tense Verbs,Lost,1888
Irregular Past Tense Verbs,Lost,1889
Irregular Past Tense Verbs,Lost,1890
Irregular Past Tense Verbs,Lost,1891
Irregular Past Tense Verbs,Lost,1892
Irregular Past Tense Verbs,Lost,1893
Irregular Past Tense Verbs,Lost,1894
Irregular Past Tense Verbs,Lost,1895
Irregular Past Tense Verbs,Lost,1896
Irregular Past Tense Verbs,Made,1459
Irregular Past Tense Verbs,Made,1460
Irregular Past Tense Verbs,Made,1461
Irregular Past Tense Verbs,Made,1464
Irregular Past Tense Verbs,Made,1914
Irregular Past Tense Verbs,Made,1915
Irregular Past Tense Verbs,Made,1897
Irregular Past Tense Verbs,Made,1898
Irregular Past Tense Verbs,Made,1899
Irregular Past Tense Verbs,Made,1900
Irregular Past Tense Verbs,Made,1901
Irregular Past Tense Verbs,Made,1902
Irregular Past Tense Verbs,Made,1903
Irregular Past Tense Verbs,Made,1904
Irregular Past Tense Verbs,Made,1905
Irregular Past Tense Verbs,Made,1906
Irregular Past Tense Verbs,Made,1907
"Mary, Marry",Marry,865
"Mary, Marry",Mary,864
"Mary, Marry",Mary,875
Modal Auxiliaries,May,363
"Meant, Mint",Meant,824
"Meant, Mint",Meant,825
"Meant, Mint",Meanwhile,1955
"Meant, Mint",Meanwhile,1956
Irregular Nouns,Men,1615
Irregular Nouns,Men,1616
Irregular Nouns,Men,1617
Irregular Nouns,Men,1621
Irregular Nouns,Mice,1642
Irregular Nouns,Mice,1643
Irregular Nouns,Mice,1641
"Meant, Mint",Mint,823
Misplaced Modifiers,Misplaced Modifiers,1992
Misplaced Modifiers,Misplaced Modifiers,1993
Misplaced Modifiers,Misplaced Modifiers,1994
Misplaced Modifiers,Misplaced Modifiers,1996
Misplaced Modifiers,Misplaced Modifiers,1997
Misplaced Modifiers,Misplaced Modifiers,1998
Misplaced Modifiers,Misplaced Modifiers,1999
Misplaced Modifiers,Misplaced Modifiers,2000
Misplaced Modifiers,Misplaced Modifiers,2001
Misplaced Modifiers,Misplaced Modifiers,2002
Misplaced Modifiers,Misplaced Modifiers,2003
Misplaced Modifiers,Misplaced Modifiers,2004
Modal Auxiliaries,Must,365
Reflexive Pronouns,Myself,2006
Reflexive Pronouns,Myself,1475
Reflexive Pronouns,Myself,1476
Reflexive Pronouns,Myself,1477
Correlative Conjunctions,Neither . . . Nor,1193
Correlative Conjunctions,Neither . . . Nor,1194
Correlative Conjunctions,Neither . . . Nor,1195
Correlative Conjunctions,Neither . . . Nor,1197
Correlative Conjunctions,Neither . . . Nor,1198
Correlative Conjunctions,Not Only . . . But Also,1199
Correlative Conjunctions,Not Only . . . But Also,1200
Correlative Conjunctions,Not Only . . . But Also,1201
Correlative Conjunctions,Not Only . . . But Also,1202
Correlative Conjunctions,Not Only . . . But Also,1203
Pronoun Shift,Number Pronoun Shift,1181
Pronoun Shift,Number Pronoun Shift,1183
Pronoun Shift,Number Pronoun Shift,1184
Pronoun Shift,Number Pronoun Shift,1185
Pronoun Shift,Number Pronoun Shift,1187
Objective Pronouns,Objective Pronouns,2018
Objective Pronouns,Objective Pronouns,2019
Objective Pronouns,Objective Pronouns,2025
"Of, Off",Of,1219
"Of, Off",Of,1220
"Of, Off",Of,1223
"Of, Off",Off,1217
"Of, Off",Off,1218
"Of, Off",Off,1221
"Of, Off",Off,1222
,Omename.,2185
,Omenamex2.,2186
,Omenamex55.,2187
Prepositions of Location,On (Place),1522
Prepositions of Location,On (Place),1523
Prepositions of Location,On (Place),1524
Prepositions of Location,On (Place),1525
Prepositions of Location,On (Place),1527
Prepositions of Time,On (Time),1506
Prepositions of Time,On (Time),1507
Prepositions of Time,On (Time),1508
Prepositions of Time,On (Time),1509
Prepositions of Time,On (Time),1510
Prepositions of Time,On (Time),1512
Coordinating Conjunctions,Or,1765
Coordinating Conjunctions,Or,1766
Coordinating Conjunctions,Or,1767
Coordinating Conjunctions,Or,1768
Coordinating Conjunctions,Or,1769
Coordinating Conjunctions,Or,1770
Coordinating Conjunctions,Or,1771
Coordinating Conjunctions,Or,1772
Coordinating Conjunctions,Or,1773
Reflexive Pronouns,Ourselves,1495
Reflexive Pronouns,Ourselves,2023
Reflexive Pronouns,Ourselves,1491
Reflexive Pronouns,Ourselves,1492
Parallel Structure,Parallel Structure,1171
Parallel Structure,Parallel Structure,1172
Parallel Structure,Parallel Structure,1173
Parallel Structure,Parallel Structure,1174
Parallel Structure,Parallel Structure,1175
Parallel Structure,Parallel Structure,1176
"Passed, Past",Passed,858
Active and Passive Voice,Passive Voice,1584
Active and Passive Voice,Passive Voice,1585
Active and Passive Voice,Passive Voice,1582
Active and Passive Voice,Passive Voice,1583
Active and Passive Voice,Passive Voice,1593
Active and Passive Voice,Passive Voice,1594
Active and Passive Voice,Passive Voice,1595
Active and Passive Voice,Passive Voice,1596
Active and Passive Voice,Passive Voice,1597
Active and Passive Voice,Passive Voice,1590
Active and Passive Voice,Passive Voice,1591
Active and Passive Voice,Passive Voice,1592
"Passed, Past",Past,857
"Passed, Past",Past,859
Progressive Tense,Past Progressive,1380
Progressive Tense,Past Progressive,1381
Progressive Tense,Past Progressive,1372
Progressive Tense,Past Progressive,1373
Progressive Tense,Past Progressive,1374
Progressive Tense,Past Progressive,1375
Simple Tense,Past Tense Verbs,1722
Simple Tense,Past Tense Verbs,1723
Simple Tense,Past Tense Verbs,83
Simple Tense,Past Tense Verbs,1725
Simple Tense,Past Tense Verbs,1727
Simple Tense,Past Tense Verbs,1728
Simple Tense,Past Tense Verbs,1729
Simple Tense,Past Tense Verbs,1730
Simple Tense,Past Tense Verbs,1731
Simple Tense,Past Tense Verbs,1732
Simple Tense,Past Tense Verbs,1733
Simple Tense,Past Tense Verbs,1734
Irregular Nouns,People,1635
Irregular Nouns,People,1636
Irregular Nouns,People,1639
Periods in Numbers,Periods in Numbers,1978
Periods in Numbers,Periods in Numbers,1983
Irregular Nouns,Person,1637
Irregular Nouns,Person,1640
"Please, Pleas",Pleas,828
"Please, Pleas",Pleas,830
"Please, Pleas",Please,829
Singular And Plural Nouns,Plural Nouns,1651
Singular And Plural Nouns,Plural Nouns,1655
Singular And Plural Nouns,Plural Nouns,1657
Singular And Plural Nouns,Plural Nouns,1668
Possessive Nouns,Plural Possessive,2086
Possessive Nouns,Plural Possessive,2085
"Pour, Poor",Poor,831
"Pour, Poor",Poor,833
Possessive Nouns,Possessive Nouns,1701
Possessive Nouns,Possessive Nouns,1702
Possessive Nouns,Possessive Nouns,1703
Possessive Nouns,Possessive Nouns,1704
Possessive Nouns,Possessive Nouns,1705
Possessive Nouns,Possessive Nouns,1706
Possessive Nouns,Possessive Nouns,1707
Possessive Nouns,Possessive Nouns,1708
Possessive Nouns,Possessive Nouns,1709
Possessive Nouns,Possessive Nouns,1710
Possessive Nouns,Possessive Nouns,1711
Possessive Nouns,Possessive Nouns,1712
Possessive Nouns,Possessive Nouns,1713
Possessive Nouns,Possessive Nouns,2074
Possessive Nouns,Possessive Nouns,2075
Possessive Nouns,Possessive Nouns,2076
Possessive Nouns,Possessive Nouns,2077
Possessive Nouns,Possessive Nouns,2078
Possessive Nouns,Possessive Nouns,2079
Possessive Nouns,Possessive Nouns,2080
Possessive Nouns,Possessive Nouns,2081
Possessive Nouns,Possessive Nouns,2082
Possessive Nouns,Possessive Nouns,2083
Possessive Pronouns,Possessive Pronouns,2020
Possessive Pronouns,Possessive Pronouns,2021
Possessive Pronouns,Possessive Pronouns,2024
Possessive Pronouns,Possessive Pronouns,2027
Possessive Pronouns,Possessive Pronouns,439
"Pour, Poor",Pour,832
Prepositional Phrases,Prepositional Phrases: Adverb,379
Prepositional Phrases,Prepositional Phrases: Adverb,380
Prepositional Phrases,Prepositional Phrases: Adverb,622
Progressive Tense,Present Progressive,1366
Progressive Tense,Present Progressive,1367
Progressive Tense,Present Progressive,1368
Progressive Tense,Present Progressive,1369
Progressive Tense,Present Progressive,1370
Progressive Tense,Present Progressive,1371
Pronoun Shift,Pronoun Shift: Plural,458
Pronoun Shift,Pronoun Shift: Singular,1179
Pronoun Shift,Pronoun Shift: Singular,1180
Pronoun Shift,Pronoun Shift: Singular,456
Pronoun Shift,Pronoun Shift: Singular,457
Pronoun Shift,Pronoun Shift: Singular,462
Common and Proper Nouns,Proper Nouns,1688
Common and Proper Nouns,Proper Nouns,1689
Common and Proper Nouns,Proper Nouns,1690
Common and Proper Nouns,Proper Nouns,1691
Common and Proper Nouns,Proper Nouns,1692
Common and Proper Nouns,Proper Nouns,1693
Common and Proper Nouns,Proper Nouns,1694
Common and Proper Nouns,Proper Nouns,1695
Common and Proper Nouns,Proper Nouns,1696
Common and Proper Nouns,Proper Nouns,2172
Common and Proper Nouns,Proper Nouns,2180
Common and Proper Nouns,Proper Nouns,2174
Common and Proper Nouns,Proper Nouns,2171
Common and Proper Nouns,Proper Nouns,1697
Common and Proper Nouns,Proper Nouns,1698
Common and Proper Nouns,Proper Nouns,2069
Common and Proper Nouns,Proper Nouns,45
Common and Proper Nouns,Proper Nouns,2164
Common and Proper Nouns,Proper Nouns,2165
Common and Proper Nouns,Proper Nouns,2173
Common and Proper Nouns,Proper Nouns,2177
Common and Proper Nouns,Proper Nouns,2178
Common and Proper Nouns,Proper Nouns,2179
Common and Proper Nouns,Proper Nouns,2182
Common and Proper Nouns,Proper Nouns,2183
Proper Nouns,Proper Nouns,2059
Proper Nouns,Proper Nouns,2061
Proper Nouns,Proper Nouns,2064
"Quiet, Quite",Quiet,873
"Quiet, Quite",Quite,872
"Quiet, Quite",Quite,874
"Raised, Razed",Raise,847
"Raised, Razed",Raise,848
"Raised, Razed",Razing,846
Regular Past Participles,Regular Past Participles,1920
Regular Past Participles,Regular Past Participles,1921
Regular Past Participles,Regular Past Participles,1918
Regular Past Participles,Regular Past Participles,1919
Irregular Past Tense Verbs,Sat,1452
Irregular Past Tense Verbs,Sat,1453
Irregular Past Tense Verbs,Sat,1449
Irregular Past Tense Verbs,Saw,1466
Irregular Past Tense Verbs,Saw,1467
Irregular Past Tense Verbs,Saw,1468
"Shown, Shone",Shone,852
Modal Auxiliaries,Should,366
Modal Auxiliaries,Should,619
"Shown, Shone",Shown,853
"Shown, Shone",Shown,854
Singular And Plural Nouns,Singular Nouns,1650
Singular And Plural Nouns,Singular Nouns,1652
Singular And Plural Nouns,Singular Nouns,1653
Singular And Plural Nouns,Singular Nouns,1654
Singular And Plural Nouns,Singular Nouns,1656
Singular And Plural Nouns,Singular Nouns,1658
Singular And Plural Nouns,Singular Nouns,1659
Singular And Plural Nouns,Singular Nouns,1660
Singular And Plural Nouns,Singular Nouns,1661
Singular And Plural Nouns,Singular Nouns,1662
Singular And Plural Nouns,Singular Nouns,1663
Singular And Plural Nouns,Singular Nouns,1664
Singular And Plural Nouns,Singular Nouns,1665
Singular And Plural Nouns,Singular Nouns,1666
Singular And Plural Nouns,Singular Nouns,1667
Singular And Plural Nouns,Singular Nouns,1669
Singular And Plural Nouns,Singular Nouns,1670
Singular And Plural Nouns,Singular Nouns,1671
Possessive Nouns,Singular Possessive,2084
Possessive Nouns,Singular Possessive,922
Possessive Nouns,Singular Possessive,1699
Possessive Nouns,Singular Possessive,1700
Possessive Nouns,Singular Possessive,2029
Possessive Nouns,Singular Possessive,2072
Possessive Nouns,Singular Possessive,2073
Coordinating Conjunctions,So,1774
Coordinating Conjunctions,So,1775
Coordinating Conjunctions,So,1776
Coordinating Conjunctions,So,1777
Coordinating Conjunctions,So,1778
Coordinating Conjunctions,So,1779
Coordinating Conjunctions,So,1780
Coordinating Conjunctions,So,1781
Coordinating Conjunctions,So,1782
Coordinating Conjunctions,So,1783
Coordinating Conjunctions,So,1784
Coordinating Conjunctions,So,1788
Spaces with Periods,Spaces with Periods,1974
Spaces with Punctuation,Spaces with Punctuation,1979
Spaces with Punctuation,Spaces with Punctuation,1980
Irregular Past Tense Verbs,Spoke,1444
Irregular Past Tense Verbs,Spoke,1445
Irregular Past Tense Verbs,Spoke,1447
Irregular Past Tense Verbs,Spoke,1448
Introductory Words,Still,1950
Introductory Words,Still,1951
Introductory Words,Still,1952
Introductory Words,Still,1953
Introductory Words,Still,1954
Possessive Nouns,Subjective Pronouns,2015
Subjective Pronouns,Subjective Pronouns,2016
Subjective Pronouns,Subjective Pronouns,2017
Subjective Pronouns,Subjective Pronouns,2022
Subjective Pronouns,Subjective Pronouns,2026
Superlative Adjectives,Superlative Adjectives,1389
Superlative Adjectives,Superlative Adjectives,1390
Superlative Adjectives,Superlative Adjectives,1391
Superlative Adjectives,Superlative Adjectives,1392
Superlative Adjectives,Superlative Adjectives,1393
Superlative Adjectives,Superlative Adjectives,1394
Superlative Adjectives,Superlative Adjectives ending in Y,1403
Superlative Adjectives,Superlative Adjectives ending in Y,1404
Superlative Adjectives,Superlative Adjectives ending in Y,1400
Superlative Adjectives,Superlative Adjectives ending in Y,1401
Superlative Adjectives,Superlative Adjectives ending in Y,1402
Irregular Nouns,Teeth,1626
Irregular Nouns,Teeth,1627
Irregular Nouns,Teeth,1630
"Than, Then",Than,404
"Than, Then",Than,405
"Than, Then",Than,406
"Than, Then",Than,407
"Than, Then",Than,1232
"Than, Then",Than,1233
"Than, Then",Than,1237
"Than, Then",Than,1238
Demonstratives,That,1548
Demonstratives,That,1550
Relative Pronouns,That,1292
Relative Pronouns,That,1293
Relative Pronouns,That,1294
Relative Pronouns,That,1298
Relative Pronouns,That,1299
Relative Pronouns,That,1339
Relative Pronouns,That,1340
Relative Pronouns,That,1342
Relative Pronouns,That,1343
Relative Pronouns,That,1358
Relative Pronouns,That,1359
Relative Pronouns,That,1120
Relative Pronouns,That,1552
Relative Pronouns,That,1553
Relative Pronouns,That,1341
Relative Pronouns,That,1356
Relative Pronouns,That,1357
That's,That's,1846
That's,That's,1847
That's,That's,1850
That's,That's,1851
Definite Articles,The,1556
Definite Articles,The,1557
Definite Articles,The,1558
Definite Articles,The,1559
Definite Articles,The,1560
Definite Articles,The,1561
Definite Articles,The,1562
Definite Articles,The,1567
Definite Articles,The,1568
"There, They're, Their",Their,1248
"There, They're, Their",Their,1249
"There, They're, Their",Their,1244
"There, They're, Their",Their,1245
"Than, Then",Then,403
"Than, Then",Then,1234
"Than, Then",Then,1235
"Than, Then",Then,1236
"Than, Then",Then,1239
"There, They're, Their",There,1250
"There, They're, Their",There,1251
"There, They're, Their",There,1246
"There, They're, Their",There,1247
Demonstratives,These,1573
Demonstratives,These,1575
Demonstratives,These,1576
Demonstratives,These,1577
Demonstratives,These,1578
"There, They're, Their",They're,1240
"There, They're, Their",They're,1241
"There, They're, Their",They're,1242
"There, They're, Their",They're,1243
Demonstratives,This,1546
Demonstratives,This,1547
Demonstratives,This,1549
Demonstratives,This,1551
Demonstratives,This,1554
Demonstratives,This,1555
Demonstratives,Those,1571
Demonstratives,Those,1572
Demonstratives,Those,1574
Demonstratives,Those,1579
Demonstratives,Those,1580
Demonstratives,Those,1581
"Thrown, Throne",Throne,820
"Thrown, Throne",Throne,822
"Thrown, Throne",Thrown,821
"To, Too, Two",To,1252
"To, Too, Two",To,1253
"To, Too, Two",To,1260
"To, Too, Two",To,1254
"To, Too, Two",To,1255
"To, Too, Two",Too,1261
"To, Too, Two",Too,1256
"To, Too, Two",Too,1257
Irregular Nouns,Tooth,1628
"To, Too, Two",Two,1262
"To, Too, Two",Two,1263
"To, Too, Two",Two,1258
"To, Too, Two",Two,1259
Two Adjectives,Two Adjectives,768
Two Adjectives,Two Adjectives,769
Two Adjectives,Two Adjectives,770
Verb Mood Shift,Verb Mood Shift,1991
Verb Tense Shift,Verb Tense Shift,1170
Verb Tense Shift,Verb Tense Shift,777
Verb Tense Shift,Verb Tense Shift,1985
Verb Tense Shift,Verb Tense Shift,1986
Verb Tense Shift,Verb Tense Shift,1987
Verb Tense Shift,Verb Tense Shift,1988
Verb Tense Shift,Verb Tense Shift,1989
Verb Tense Shift,Verb Tense Shift,1990
Verb Tense Shift,Verb Tense Shift,1178
Verb Tense Shift,Verb Tense Shift,1177
Irregular Past Tense Verbs,Went,1435
Irregular Past Tense Verbs,Went,212
Irregular Past Tense Verbs,Went,1438
Irregular Past Tense Verbs,Went,1439
Relative Pronouns,When,1295
Relative Pronouns,When,1296
Relative Pronouns,When,1297
Relative Pronouns,When,1300
Relative Pronouns,When,1301
Relative Pronouns,When,1323
Relative Pronouns,When,1362
Relative Pronouns,When,1363
Relative Pronouns,When,1318
Relative Pronouns,When,1319
Relative Pronouns,When,1320
Relative Pronouns,Where,1285
Relative Pronouns,Where,1286
Relative Pronouns,Where,1321
Relative Pronouns,Where,1322
Relative Pronouns,Where,1360
Relative Pronouns,Where,1361
Relative Pronouns,Where,1315
Relative Pronouns,Where,1316
Relative Pronouns,Where,1317
Relative Pronouns,Where,1280
Relative Pronouns,Where,1281
Relative Pronouns,Where,1282
Relative Pronouns,Which,324
Relative Pronouns,Which,1274
Relative Pronouns,Which,1275
Relative Pronouns,Which,1276
Relative Pronouns,Which,1312
Relative Pronouns,Which,1313
Relative Pronouns,Which,1354
Relative Pronouns,Which,1314
Relative Pronouns,Which,1355
Relative Pronouns,Who,1326
Relative Pronouns,Who,1327
Relative Pronouns,Who,1328
Relative Pronouns,Who,1277
Relative Pronouns,Who,1278
Relative Pronouns,Who,1279
Relative Pronouns,Who,1283
Relative Pronouns,Who,1284
Relative Pronouns,Who,1324
Relative Pronouns,Who,1325
Relative Pronouns,Who,1349
Relative Pronouns,Whom,1332
Relative Pronouns,Whom,1333
Relative Pronouns,Whom,1352
Relative Pronouns,Whom,1334
Relative Pronouns,Whom,1302
Relative Pronouns,Whom,1303
Relative Pronouns,Whom,1304
Relative Pronouns,Whom,1305
Relative Pronouns,Whom,1306
Relative Pronouns,Whom,1337
Relative Pronouns,Whom,1338
Relative Pronouns,Whose,1287
Relative Pronouns,Whose,1288
Relative Pronouns,Whose,1289
Relative Pronouns,Whose,1290
Relative Pronouns,Whose,1291
Relative Pronouns,Whose,1335
Relative Pronouns,Whose,1336
Relative Pronouns,Whose,1353
Relative Pronouns,Whose,1329
Relative Pronouns,Whose,1350
Relative Pronouns,Whose,1351
Relative Pronouns,Whose,1330
Relative Pronouns,Whose,1331
Relative Pronouns,Why,1310
Relative Pronouns,Why,1311
Relative Pronouns,Why,1347
Relative Pronouns,Why,1348
Relative Pronouns,Why,1364
Relative Pronouns,Why,1365
Relative Pronouns,Why,1344
Relative Pronouns,Why,1345
Relative Pronouns,Why,1346
Relative Pronouns,Why,1307
Relative Pronouns,Why,1308
Relative Pronouns,Why,1309
Irregular Nouns,Women,1618
Irregular Nouns,Women,1619
Irregular Nouns,Women,1620
Irregular Nouns,Women,1622
Won't,Won't,1837
Won't,Won't,1838
Won't,Won't,1839
Won't,Won't,1840
Won't,Won't,1841
Comparative Adjectives,Worse,1409
Comparative Adjectives,Worse,1410
Superlative Adjectives,Worst,1411
Superlative Adjectives,Worst,1412
Irregular Past Tense Verbs,Wrote,1440
Irregular Past Tense Verbs,Wrote,1441
Irregular Past Tense Verbs,Wrote,1442
Irregular Past Tense Verbs,Wrote,1443
Irregular Past Tense Verbs,Wrote,1446
You're,You're,1858
You're,You're,1859
"You're, Your",You're,1862
"You're, Your",You're,1863
"You're, Your",You're,1269
"You're, Your",You're,1270
"You're, Your",You're,1272
"You're, Your",You're,1273
"You're, Your",Your,1266
"You're, Your",Your,1267
"You're, Your",Your,1268
"You're, Your",Your,1271
"You're, Your",Your,1264
"You're, Your",Your,1265
Reflexive Pronouns,Yourself,1478
Reflexive Pronouns,Yourself,1479
Reflexive Pronouns,Yourself,1480
Reflexive Pronouns,Yourself,1481
Reflexive Pronouns,Yourself,1482
Reflexive Pronouns,Yourselves,1483